Lead,Importance
I,0.00014322232
aVR,0.00013367714
V1,0.00013154902
V2,0.00013099585
V4,0.00012370711
aVL,0.00012368304
V3,0.00012204233
II,0.00011412539
aVF,0.000112502035
III,0.000107600645
V6,9.482178e-05
V5,8.167768e-05
