Clinical AUC,Clinical Brier,Clinical ECE,ECG AUC,ECG Brier,ECG ECE
0.926231468197035,0.11295241621974286,0.06532731831086226,0.9422862154132511,0.09428448515147095,0.0340464781323379
