Scenario,clinical_probability,ecg_probability,clinical_confidence,ecg_confidence,clinical_weight,ecg_weight,fused_probability
Both agree - Healthy,0.08,0.06,0.92,0.94,0.49462365591397855,0.5053763440860215,0.06989247311827956
Both agree - Disease,0.94,0.96,0.94,0.96,0.49473684210526314,0.5052631578947369,0.9501052631578947
Clinical uncertain / ECG confident,0.55,0.94,0.55,0.94,0.3691275167785235,0.6308724832214765,0.7960402684563759
ECG uncertain / Clinical confident,0.91,0.52,0.91,0.52,0.6363636363636364,0.3636363636363636,0.7681818181818182
Strong disagreement,0.15,0.88,0.85,0.88,0.4913294797687861,0.5086705202312138,0.5213294797687861
