Metric,Value
Accuracy,0.8740255690676645
Precision,0.9108571428571428
Recall,0.8653637350705755
F1 Score,0.8875278396436526
AUC,0.9431176496323076
